{
  "baseline": {
    "domain_sep": 0.8088278388278388,
    "species_sep": 0.9308974358974359
  },
  "sba": {
    "domain_sep": 0.8163553113553114,
    "species_sep": 0.9596153846153846
  }
}