{
  "per_model": {
    "model_01": {
      "accuracy": 0.792690611216131,
      "per_day": {
        "OOD1": 0.855,
        "OOD10": 0.924,
        "OOD2": 0.801,
        "OOD3": 0.8505747126436781,
        "OOD4": 0.749,
        "OOD5": 0.765,
        "OOD6": 0.786,
        "OOD7": 0.728,
        "OOD8": 0.749,
        "OOD9": 0.747
      }
    },
    "model_02": {
      "accuracy": 0.7934257508926696,
      "per_day": {
        "OOD1": 0.861,
        "OOD10": 0.903,
        "OOD2": 0.787,
        "OOD3": 0.8448275862068966,
        "OOD4": 0.754,
        "OOD5": 0.756,
        "OOD6": 0.807,
        "OOD7": 0.735,
        "OOD8": 0.773,
        "OOD9": 0.738
      }
    },
    "model_03": {
      "accuracy": 0.8064482251627809,
      "per_day": {
        "OOD1": 0.863,
        "OOD10": 0.94,
        "OOD2": 0.817,
        "OOD3": 0.8448275862068966,
        "OOD4": 0.748,
        "OOD5": 0.767,
        "OOD6": 0.809,
        "OOD7": 0.744,
        "OOD8": 0.804,
        "OOD9": 0.746
      }
    }
  },
  "ensemble_arithmetic": {
    "overall": 0.8157574712643678,
    "per_day": {
      "OOD1": 0.868,
      "OOD10": 0.936,
      "OOD2": 0.818,
      "OOD3": 0.8505747126436781,
      "OOD4": 0.755,
      "OOD5": 0.773,
      "OOD6": 0.819,
      "OOD7": 0.757,
      "OOD8": 0.817,
      "OOD9": 0.764
    }
  },
  "ensemble_geometric": {
    "overall": 0.8165237547892719,
    "per_day": {
      "OOD1": 0.87,
      "OOD10": 0.929,
      "OOD2": 0.82,
      "OOD3": 0.8582375478927203,
      "OOD4": 0.757,
      "OOD5": 0.776,
      "OOD6": 0.822,
      "OOD7": 0.755,
      "OOD8": 0.815,
      "OOD9": 0.763
    }
  }
}