{
  "true": {
    "shannon": 2.3840740502472983,
    "simpson": 0.9042155412410162,
    "richness": 12,
    "abundance": {
      "Amphipoda": 0.10238907849829351,
      "Annelida": 0.10238907849829351,
      "Appendicularia": 0.09897610921501707,
      "Calanoida": 0.10238907849829351,
      "Ceratium": 0.051194539249146756,
      "Chaetognatha": 0.10238907849829351,
      "Coscinodiscus": 0.010238907849829351,
      "Doliolida": 0.10238907849829351,
      "Noctiluca": 0.027303754266211604,
      "Oithonidae": 0.09556313993174062,
      "Ostracoda": 0.10238907849829351,
      "Salpida": 0.10238907849829351
    },
    "total_count": 293,
    "counts": {
      "Amphipoda": 30,
      "Annelida": 30,
      "Appendicularia": 29,
      "Calanoida": 30,
      "Ceratium": 15,
      "Chaetognatha": 30,
      "Coscinodiscus": 3,
      "Doliolida": 30,
      "Noctiluca": 8,
      "Oithonidae": 28,
      "Ostracoda": 30,
      "Salpida": 30
    }
  },
  "baseline": {
    "shannon": 2.4530036410054294,
    "simpson": 0.9113909305874268,
    "richness": 12,
    "abundance": {
      "Amphipoda": 0.10580204778156997,
      "Salpida": 0.07849829351535836,
      "Chaetognatha": 0.07849829351535836,
      "Ceratium": 0.07849829351535836,
      "Coscinodiscus": 0.05460750853242321,
      "Annelida": 0.08191126279863481,
      "Oithonidae": 0.10921501706484642,
      "Ostracoda": 0.06825938566552901,
      "Calanoida": 0.11262798634812286,
      "Appendicularia": 0.11262798634812286,
      "Noctiluca": 0.051194539249146756,
      "Doliolida": 0.06825938566552901
    },
    "total_count": 293,
    "counts": {
      "Amphipoda": 31,
      "Salpida": 23,
      "Chaetognatha": 23,
      "Ceratium": 23,
      "Coscinodiscus": 16,
      "Annelida": 24,
      "Oithonidae": 32,
      "Ostracoda": 20,
      "Calanoida": 33,
      "Appendicularia": 33,
      "Noctiluca": 15,
      "Doliolida": 20
    },
    "bray_curtis_vs_truth": 0.136518771331058
  },
  "sba": {
    "shannon": 2.4327413880000606,
    "simpson": 0.9086419177858799,
    "richness": 12,
    "abundance": {
      "Amphipoda": 0.09897610921501707,
      "Calanoida": 0.09897610921501707,
      "Ceratium": 0.06825938566552901,
      "Chaetognatha": 0.11945392491467577,
      "Oithonidae": 0.10238907849829351,
      "Ostracoda": 0.051194539249146756,
      "Salpida": 0.09215017064846416,
      "Annelida": 0.10921501706484642,
      "Appendicularia": 0.07167235494880546,
      "Coscinodiscus": 0.03754266211604096,
      "Doliolida": 0.10238907849829351,
      "Noctiluca": 0.04778156996587031
    },
    "total_count": 293,
    "counts": {
      "Amphipoda": 29,
      "Calanoida": 29,
      "Ceratium": 20,
      "Chaetognatha": 35,
      "Oithonidae": 30,
      "Ostracoda": 15,
      "Salpida": 27,
      "Annelida": 32,
      "Appendicularia": 21,
      "Coscinodiscus": 11,
      "Doliolida": 30,
      "Noctiluca": 14
    },
    "bray_curtis_vs_truth": 0.09556313993174062
  },
  "rag": {
    "shannon": 2.4472563905475084,
    "simpson": 0.9105522487157683,
    "richness": 12,
    "abundance": {
      "Salpida": 0.08532423208191127,
      "Chaetognatha": 0.12286689419795221,
      "Ceratium": 0.08873720136518772,
      "Amphipoda": 0.07849829351535836,
      "Coscinodiscus": 0.03754266211604096,
      "Noctiluca": 0.06825938566552901,
      "Oithonidae": 0.07508532423208192,
      "Ostracoda": 0.07167235494880546,
      "Calanoida": 0.07167235494880546,
      "Doliolida": 0.12286689419795221,
      "Annelida": 0.09897610921501707,
      "Appendicularia": 0.07849829351535836
    },
    "total_count": 293,
    "counts": {
      "Salpida": 25,
      "Chaetognatha": 36,
      "Ceratium": 26,
      "Amphipoda": 23,
      "Coscinodiscus": 11,
      "Noctiluca": 20,
      "Oithonidae": 22,
      "Ostracoda": 21,
      "Calanoida": 21,
      "Doliolida": 36,
      "Annelida": 29,
      "Appendicularia": 23
    },
    "bray_curtis_vs_truth": 0.14675767918088736
  }
}