{
  "baseline_geometric": 0.8165237547892719,
  "finetune_per_model": {
    "model_01": {
      "before": {
        "overall": 0.792690611216131,
        "per_day": {
          "OOD1": 0.855,
          "OOD10": 0.924,
          "OOD2": 0.801,
          "OOD3": 0.8505747126436781,
          "OOD4": 0.749,
          "OOD5": 0.765,
          "OOD6": 0.786,
          "OOD7": 0.728,
          "OOD8": 0.749,
          "OOD9": 0.747
        }
      },
      "after": {
        "overall": 0.8182104599873976,
        "per_day": {
          "OOD1": 0.875,
          "OOD10": 0.948,
          "OOD2": 0.82,
          "OOD3": 0.8735632183908046,
          "OOD4": 0.746,
          "OOD5": 0.774,
          "OOD6": 0.823,
          "OOD7": 0.775,
          "OOD8": 0.799,
          "OOD9": 0.775
        }
      },
      "improvement": 0.025519848771266562
    },
    "model_02": {
      "before": {
        "overall": 0.7934257508926696,
        "per_day": {
          "OOD1": 0.861,
          "OOD10": 0.903,
          "OOD2": 0.787,
          "OOD3": 0.8448275862068966,
          "OOD4": 0.754,
          "OOD5": 0.756,
          "OOD6": 0.807,
          "OOD7": 0.735,
          "OOD8": 0.773,
          "OOD9": 0.738
        }
      },
      "after": {
        "overall": 0.8198907792480571,
        "per_day": {
          "OOD1": 0.861,
          "OOD10": 0.94,
          "OOD2": 0.811,
          "OOD3": 0.867816091954023,
          "OOD4": 0.752,
          "OOD5": 0.772,
          "OOD6": 0.848,
          "OOD7": 0.772,
          "OOD8": 0.824,
          "OOD9": 0.774
        }
      },
      "improvement": 0.026465028355387443
    },
    "model_03": {
      "before": {
        "overall": 0.8064482251627809,
        "per_day": {
          "OOD1": 0.863,
          "OOD10": 0.94,
          "OOD2": 0.817,
          "OOD3": 0.8448275862068966,
          "OOD4": 0.748,
          "OOD5": 0.767,
          "OOD6": 0.809,
          "OOD7": 0.744,
          "OOD8": 0.804,
          "OOD9": 0.746
        }
      },
      "after": {
        "overall": 0.8181054400336064,
        "per_day": {
          "OOD1": 0.873,
          "OOD10": 0.941,
          "OOD2": 0.799,
          "OOD3": 0.8620689655172413,
          "OOD4": 0.746,
          "OOD5": 0.769,
          "OOD6": 0.842,
          "OOD7": 0.772,
          "OOD8": 0.806,
          "OOD9": 0.792
        }
      },
      "improvement": 0.011657214870825494
    }
  },
  "finetune_ensemble_arithmetic": {
    "overall": 0.8210816091954023,
    "per_day": {
      "OOD1": 0.8696666666666667,
      "OOD10": 0.943,
      "OOD2": 0.81,
      "OOD3": 0.867816091954023,
      "OOD4": 0.7479999999999999,
      "OOD5": 0.7716666666666666,
      "OOD6": 0.8376666666666667,
      "OOD7": 0.773,
      "OOD8": 0.8096666666666668,
      "OOD9": 0.7803333333333334
    }
  },
  "finetune_ensemble_geometric": {
    "overall": 0.8210539853828005,
    "per_day": {
      "OOD1": 0.8696446329890336,
      "OOD10": 0.9429933050437234,
      "OOD2": 0.8099542725198648,
      "OOD3": 0.8678034149553668,
      "OOD4": 0.7479946719006456,
      "OOD5": 0.771663939714827,
      "OOD6": 0.8375985782762557,
      "OOD7": 0.7729987174525007,
      "OOD8": 0.809598477856626,
      "OOD9": 0.7802898431191606
    }
  },
  "vs_chen": -0.00894601461719946
}