{
  "source": {
    "n": 207,
    "mean_score": 0.038761785665296845,
    "std_score": 0.049811996030268764
  },
  "DataShift_ZooScan": {
    "n_test": 203,
    "mean_score": 0.014143237449670842,
    "std_score": 0.0405017491024334,
    "roc_auc": 0.7229956450346255,
    "pr_auc": 0.7470021533636629,
    "separation": 0.024618548215626004
  },
  "ZooLake2": {
    "n_test": 234,
    "mean_score": -0.039683643947001065,
    "std_score": 0.028474281709499415,
    "roc_auc": 0.9158924811098725,
    "pr_auc": 0.938900639594926,
    "separation": 0.07844542961229792
  }
}