{
  "source": {
    "n": 207,
    "mean_score": 0.038761785665296845,
    "std_score": 0.049811996030268764
  },
  "DataShift_ZooScan": {
    "n_test": 203,
    "mean_score": 0.014143237449670842,
    "std_score": 0.0405017491024334,
    "roc_auc": 0.7229956450346255,
    "pr_auc": 0.7470021533636629,
    "separation": 0.024618548215626004
  },
  "ZooLake35": {
    "n_test": 234,
    "mean_score": 0.014374746831034934,
    "std_score": 0.022076172238597407,
    "roc_auc": 0.7969982245344565,
    "pr_auc": 0.8386622129087303,
    "separation": 0.02438703883426191
  }
}