{
  "pillow_6_nearest_macro": 0.8219310344827587,
  "pillow_7_bicubic_macro": 0.8324310344827586,
  "accuracy_drop_percent": 1.0499999999999843,
  "per_day_nearest": {
    "OOD1": 0.877,
    "OOD10": 0.963,
    "OOD2": 0.819,
    "OOD3": 0.8793103448275862,
    "OOD4": 0.754,
    "OOD5": 0.781,
    "OOD6": 0.837,
    "OOD7": 0.786,
    "OOD8": 0.776,
    "OOD9": 0.747
  },
  "per_day_bicubic": {
    "OOD1": 0.876,
    "OOD10": 0.969,
    "OOD2": 0.829,
    "OOD3": 0.8793103448275862,
    "OOD4": 0.763,
    "OOD5": 0.782,
    "OOD6": 0.853,
    "OOD7": 0.791,
    "OOD8": 0.817,
    "OOD9": 0.765
  }
}