{
  "zooscan_to_ifcb": {
    "baseline": 0.3835616438356164,
    "sba": 0.5,
    "lift": 11.64383561643836,
    "n_classes": 6
  }
}